{"loss": [1.393167495727539, 0.4800870418548584, 0.27958402037620544, 0.19038012623786926, 0.14299172163009644, 0.11155682802200317, 0.09150975942611694, 0.07641997188329697, 0.06377071142196655, 0.0569257028400898], "accuracy": [0.5881783962249756, 0.8473718166351318, 0.9098655581474304, 0.9380183219909668, 0.9530122876167297, 0.963169515132904, 0.969613790512085, 0.9740095138549805, 0.9792304039001465, 0.9821608662605286], "val_loss": [0.6067952513694763, 0.3305925130844116, 0.30338528752326965, 0.1623024344444275, 0.17800943553447723, 0.1756313592195511, 0.14489440619945526, 0.2004617303609848, 0.2030184268951416, 0.1001582071185112], "val_accuracy": [0.8107784986495972, 0.892556369304657, 0.9051900506019592, 0.9492374062538147, 0.9440587162971497, 0.9461074471473694, 0.9553835391998291, 0.9418392777442932, 0.9367175102233887, 0.9707489013671875]}